year;ric;effect
2001;MER_pk;positive
2002;MER_pk;positive
2003;MER_pk;positive
2004;MER_pk;positive
2005;MER_pk;positive
2014;MER_pk;positive
2015;MER_pk;positive
2014;NKE;positive
2001;AMT;positive
2002;AMT;positive
2003;AMT;positive
2004;AMT;positive
2005;AMT;positive
2006;AMT;positive
2009;AXP;positive
2011;MMM;positive
2012;MMM;positive
2013;MMM;positive
2018;BKNG.O;positive
1998;SYK;positive
1999;SYK;positive
2010;MDLZ.O;positive
2011;MDLZ.O;positive
2012;MDLZ.O;positive
2013;MDLZ.O;positive
2012;MO;positive
2001;CME.O;positive
2002;CME.O;positive
2001;GE;positive
2002;GE;positive
2003;GE;positive
2004;GE;positive
2015;GE;positive
2016;GE;positive
2017;GE;positive
2012;TJX;positive
2013;TJX;positive
2014;TJX;positive
2002;CELG.O;positive
2003;CELG.O;positive
2015;COP;positive
2010;CSX.O;positive
2011;CSX.O;positive
2012;CSX.O;positive
2013;CSX.O;positive
2006;AMAT.O;positive
2007;AMAT.O;positive
2012;FOXA.O;positive
2013;FOXA.O;positive
2014;FOXA.O;positive
1995;WM;positive
1996;WM;positive
1997;WM;positive
1995;KMB;positive
1996;KMB;positive
1997;KMB;positive
1998;KMB;positive
1999;KMB;positive
2015;SPG;positive
2017;PGR;positive
2001;BAX;positive
2002;BAX;positive
2003;BAX;positive
2004;BAX;positive
2013;MET;positive
2014;MET;positive
2015;MET;positive
2016;MET;positive
2017;MET;positive
2005;DG;positive
2006;DG;positive
2006;SYY;positive
2018;ATVI.O;positive
2018;MAR.O;positive
2015;BBT;positive
2016;BBT;positive
2013;WELL.K;positive
2014;WELL.K;positive
2015;WELL.K;positive
2001;F;positive
2002;F;positive
2003;F;positive
2004;F;positive
2005;F;positive
2006;F;positive
1999;NEM;positive
2000;NEM;positive
2001;NEM;positive
2002;NEM;positive
2004;STI;positive
1994;STI;positive
1995;STI;positive
1996;STI;positive
1997;STI;positive
1998;STI;positive
1995;MSI;positive
1996;MSI;positive
2009;LUV;positive
1996;ES;positive
1997;ES;positive
2012;ZBH;positive
2013;ZBH;positive
2014;ZBH;positive
2015;ZBH;positive
2004;TSN;positive
2005;TSN;positive
2000;S;positive
2017;DTE;positive
2003;A;positive
2004;A;positive
2011;A;positive
2012;A;positive
2013;A;positive
2014;A;positive
2015;A;positive
2011;BLL;positive
2012;BLL;positive
2013;BLL;positive
2014;BLL;positive
2007;HSY;positive
2008;HSY;positive
2009;HSY;positive
2010;HSY;positive
2011;HSY;positive
2015;K;positive
2012;GLW;positive
2013;GLW;positive
2015;GLW;positive
2002;KR;positive
2003;KR;positive
2004;KR;positive
2005;KR;positive
2011;PXD;positive
2009;PXD;positive
2008;VMC;positive
2009;VMC;positive
1998;CDNS.O;positive
2001;MSCI.K;positive
2002;MSCI.K;positive
2003;MSCI.K;positive
2004;MSCI.K;positive
2005;MSCI.K;positive
2006;MSCI.K;positive
2012;ANET.K;positive
2013;ANET.K;positive
2014;ANET.K;positive
2003;LEN;positive
2004;LEN;positive
2005;LEN;positive
2016;LH;positive
2017;LH;positive
2018;LH;positive
2014;AJG;positive
2003;FDC;positive
2004;FDC;positive
2005;FDC;positive
2006;FDC;positive
2010;CQP;positive
2011;CQP;positive
2004;IP;positive
2004;WPC;positive
2015;WPC;positive
2013;CAG;positive
2014;CAG;positive
2011;SUI;positive
2011;ODFL.O;positive
2012;ODFL.O;positive
2013;ODFL.O;positive
2003;CNA;positive
2004;CNA;positive
2005;CNA;positive
2011;CTL;positive
2012;CTL;positive
2013;CTL;positive
2017;LDOS.K;positive
2016;IFF;positive
2015;IFF;positive
2016;IFF;positive
2017;IFF;positive
2003;VNO;positive
2004;VNO;positive
2005;VNO;positive
2003;WYNN.O;positive
2004;WYNN.O;positive
2005;WYNN.O;positive
2015;WYNN.O;positive
2013;MAS;positive
2013;REG;positive
2005;TAP;positive
2005;AES;positive
2006;AES;positive
2007;AES;positive
2010;AES;positive
2018;EQH;positive
2002;SIVB.O;positive
2003;SIVB.O;positive
2004;SIVB.O;positive
2005;SIVB.O;positive
2007;RGA;positive
2003;WU;positive
2004;WU;positive
2005;WU;positive
2001;EMN;positive
2015;AVY;positive
2009;PODD.O;positive
2010;PODD.O;positive
2011;PODD.O;positive
2012;PODD.O;positive
2010;GWRE.K;positive
2011;GWRE.K;positive
2015;TRGP.K;positive
2003;OHI;positive
2004;OHI;positive
2005;OHI;positive
2002;URI;positive
2003;URI;positive
2000;CMS_pb;positive
2001;CMS_pb;positive
2005;LII;positive
2015;APA;positive
2011;SC;positive
2012;SC;positive
2013;SC;positive
2014;SC;positive
2015;SC;positive
2017;SC;positive
2018;SC;positive
2015;CY.O;positive
2016;CY.O;positive
2017;CY.O;positive
2014;KSS;positive
2004;SCI;positive
2000;SCI;positive
2001;SCI;positive
2002;SCI;positive
2003;SCI;positive
2009;SCI;positive
2012;SCI;positive
2013;SCI;positive
2012;UGI;positive
2013;UGI;positive
2003;CACC.O;positive
2004;CACC.O;positive
2000;CACC.O;positive
2001;CACC.O;positive
2002;CACC.O;positive
2003;CACC.O;positive
2004;CACC.O;positive
2005;IONS.O;positive
2008;BIO;positive
2009;BIO;positive
2010;BIO;positive
2011;BIO;positive
2012;BIO;positive
2013;BIO;positive
2003;AZPN.O;positive
2004;AZPN.O;positive
2005;AZPN.O;positive
2006;AZPN.O;positive
2007;AZPN.O;positive
2014;XRX;positive
2017;BG;positive
2010;ON.O;positive
2011;ON.O;positive
2012;ON.O;positive
2013;ON.O;positive
2014;ON.O;positive
1999;ALK;positive
2000;ALK;positive
2001;ALK;positive
2002;ALK;positive
2000;DISH.O;positive
2001;DISH.O;positive
2002;DISH.O;positive
2012;LPT;positive
2013;LPT;positive
2014;LPT;positive
2015;LPT;positive
2016;LPT;positive
2006;OLED.O;positive
2007;OLED.O;positive
2008;OLED.O;positive
2012;POST.K;positive
2016;TECH.O;positive
2017;TECH.O;positive
2013;VOYA.K;positive
2014;VOYA.K;positive
2015;VOYA.K;positive
2011;VOYA.K;positive
2012;VOYA.K;positive
2013;VOYA.K;positive
2014;VOYA.K;positive
2015;VOYA.K;positive
2013;CABO.K;positive
2014;CABO.K;positive
2015;CABO.K;positive
2016;CABO.K;positive
2017;CABO.K;positive
2011;APO;positive
2012;APO;positive
2013;APO;positive
2014;APO;positive
2015;BWA;positive
2016;BWA;positive
2017;BWA;positive
2002;ALB;positive
2009;ORI;positive
2013;AXTA.K;positive
2014;AXTA.K;positive
2009;CTLT.K;positive
2010;CTLT.K;positive
2011;CTLT.K;positive
2012;CTLT.K;positive
2013;CTLT.K;positive
2003;HRC;positive
2004;HRC;positive
2005;HRC;positive
2001;MIDD.O;positive
2002;MIDD.O;positive
2016;ETSY.O;positive
2017;ETSY.O;positive
2010;FAF;positive
2011;FAF;positive
2003;MPWR.O;positive
2004;MPWR.O;positive
2005;MPWR.O;positive
2006;MPWR.O;positive
2007;MPWR.O;positive
2006;HXL;positive
2007;HXL;positive
2008;HXL;positive
2009;HXL;positive
2007;GLIBA.O;positive
2008;ENTG.O;positive
2001;MTLQU.PK;positive
2002;MTLQU.PK;positive
2003;MTLQU.PK;positive
2004;MTLQU.PK;positive
2005;MTLQU.PK;positive
2006;MTLQU.PK;positive
2013;SEE;positive
2014;SEE;positive
2015;SEE;positive
2009;KNX;positive
2010;KNX;positive
2011;KNX;positive
2014;EHC;positive
2015;EHC;positive
2016;EHC;positive
2017;EHC;positive
2018;EHC;positive
2006;SRPT.O;positive
2007;SRPT.O;positive
2007;JWN;positive
2008;JWN;positive
2013;CDK.O;positive
2014;CDK.O;positive
2018;AGCO.K;positive
2001;PEGA.O;positive
2002;PEGA.O;positive
2003;PEGA.O;positive
2004;PEGA.O;positive
2005;PEGA.O;positive
2006;PEGA.O;positive
1998;PEGA.O;positive
1999;PEGA.O;positive
2011;ZNGA.O;positive
2016;CREE.O;positive
2017;CREE.O;positive
2018;CREE.O;positive
2017;CREE.O;positive
2018;CREE.O;positive
2018;THG;positive
2000;PWR;positive
2001;PWR;positive
2002;PWR;positive
2003;PWR;positive
2004;PWR;positive
2005;PWR;positive
2006;PWR;positive
2007;PWR;positive
2008;PWR;positive
2017;ATHN.O;positive
2003;TREX.K;positive
2004;TREX.K;positive
2005;TREX.K;positive
2006;TREX.K;positive
2010;BMS;positive
2003;POR;positive
2004;POR;positive
2004;NUAN.O;positive
2005;NUAN.O;positive
2002;NUAN.O;positive
2005;M;positive
2006;M;positive
2011;CHH;positive
2012;CHH;positive
2013;CHH;positive
2014;CHH;positive
1995;LB;positive
1996;LB;positive
1997;LB;positive
1998;LB;positive
1999;LB;positive
2006;JBLU.O;positive
2007;JBLU.O;positive
2008;JBLU.O;positive
2009;JBLU.O;positive
2010;JBLU.O;positive
2009;GNRC.K;positive
2013;SHLX.K;positive
2014;SHLX.K;positive
1999;PCG;positive
2000;PCG;positive
2001;PCG;positive
2015;FLO;positive
2016;FLO;positive
2017;FLO;positive
2003;PB;positive
2004;PB;positive
2005;PB;positive
2010;NYT;positive
2011;NYT;positive
2012;NYT;positive
2013;NYT;positive
2011;RDN;positive
2017;TTEK.O;positive
2018;TTEK.O;positive
2013;SRCL.O;positive
2014;PE;positive
2016;ALE;positive
2018;VAC;positive
2006;GPT;positive
2012;SIX;positive
2005;CIT;positive
2009;CIT;positive
2010;CIT;positive
2009;CIT;positive
2010;CIT;positive
2012;CIT;positive
2003;CLH;positive
2000;RHP;positive
2001;RHP;positive
2002;RHP;positive
2004;PNM;positive
2005;PNM;positive
2006;PNM;positive
2010;TNET.K;positive
2011;TNET.K;positive
2017;DLB;positive
2018;DLB;positive
2012;VVV;positive
2013;VVV;positive
2014;VVV;positive
2015;VVV;positive
2016;VVV;positive
2016;UAA;positive
2017;UAA;positive
2012;OUT;positive
2013;OUT;positive
2014;OUT;positive
2004;NJR;positive
2005;NJR;positive
2006;NJR;positive
2007;NJR;positive
2007;NJR;positive
2008;NJR;positive
2009;NJR;positive
2009;IBKC.O;positive
2016;TERP.O;positive
2015;TERP.O;positive
2016;TERP.O;positive
2017;TERP.O;positive
2018;TERP.O;positive
2013;WES;positive
2014;WES;positive
2015;WES;positive
2014;STAG.K;positive
2015;STAG.K;positive
2016;STAG.K;positive
2006;DCP;positive
2007;DCP;positive
2010;DCP;positive
2007;IBKR.O;positive
2011;IBKR.O;positive
2005;ORA;positive
2015;AA;positive
2016;AA;positive
2006;EAF;positive
2016;NHI;positive
2015;UMPQ.O;positive
1997;CFX;positive
1998;CFX;positive
1999;CFX;positive
2000;CFX;positive
2001;CFX;positive
2002;CFX;positive
2003;CFX;positive
2004;CFX;positive
2005;CFX;positive
2006;CFX;positive
2007;CFX;positive
2008;CFX;positive
2009;CFX;positive
2010;CFX;positive
2016;SAM;positive
2006;MIC;positive
2012;FUN;positive
2013;FUN;positive
2014;FUN;positive
2000;AWR;positive
2001;AWR;positive
2002;AWR;positive
2011;OFC;positive
2012;OFC;positive
2018;RH;positive
2019;RH;positive
1997;VIAV.O;positive
1998;VIAV.O;positive
2007;NAV;positive
2008;NAV;positive
2004;AAXN.O;positive
2010;QLYS.O;positive
2011;QLYS.O;positive
2015;VRNT.O;positive
2006;OMCL.O;positive
2002;SJI;positive
2003;SJI;positive
2004;SJI;positive
2005;SJI;positive
2006;SJI;positive
2013;NEP;positive
2014;NEP;positive
2007;LPX;positive
2008;LPX;positive
2009;LPX;positive
2018;MEDP.O;positive
1999;WAFD.O;positive
2000;WAFD.O;positive
2001;WAFD.O;positive
2002;WAFD.O;positive
2003;WAFD.O;positive
2001;SKYW.O;positive
2002;SKYW.O;positive
2014;SKYW.O;positive
2001;LAD;positive
2002;LAD;positive
2003;LAD;positive
2004;LAD;positive
2005;LAD;positive
2006;LAD;positive
2004;FNSR.O;positive
2005;SBGI.O;positive
2006;SBGI.O;positive
2014;AAT;positive
2018;CATY.O;positive
2013;MUSA.K;positive
2009;IRDM.O;positive
2010;IRDM.O;positive
2011;IRDM.O;positive
2018;DK;positive
2017;DK;positive
2004;MTH;positive
2000;TDS;positive
2001;TDS;positive
2002;TDS;positive
2003;TDS;positive
2004;TDS;positive
2005;TDS;positive
2008;TDS;positive
2009;TDS;positive
2010;TDS;positive
2011;TDS;positive
2016;R;positive
2017;R;positive
2008;IMMU.O;positive
2009;IMMU.O;positive
2010;IMMU.O;positive
2011;IMMU.O;positive
2012;IMMU.O;positive
2013;IMMU.O;positive
2007;VG;positive
2010;WTW;positive
2011;WTW;positive
2012;WTW;positive
2011;WTW;positive
2012;WTW;positive
2013;WTW;positive
2013;WTW;positive
2014;WTW;positive
2015;WTW;positive
2001;SPB;positive
2005;SPB;positive
2018;SPB;positive
2014;NGHC.O;positive
2015;NGHC.O;positive
2016;NGHC.O;positive
2017;NGHC.O;positive
2017;CWT;positive
2018;CWT;positive
2008;HK;positive
2009;HK;positive
2015;PAH;positive
2003;ROG;positive
2004;ROG;positive
2005;ROG;positive
2005;LSCC.O;positive
2006;LSCC.O;positive
2016;LXP;positive
2014;KMT;positive
2002;EXLS.O;positive
2013;ELLI.K;positive
2014;ELLI.K;positive
2015;ELLI.K;positive
2016;ELLI.K;positive
2000;SANM.O;positive
2001;SANM.O;positive
2002;SANM.O;positive
2003;SANM.O;positive
2004;SANM.O;positive
2005;SANM.O;positive
2006;SANM.O;positive
2016;BHVN.K;positive
2013;HTH;positive
2014;HTH;positive
2010;CHK;positive
2013;PENN.O;positive
2014;PENN.O;positive
2015;PENN.O;positive
2012;TRMK.O;positive
2013;TRMK.O;positive
1999;SCL;positive
2000;SCL;positive
2001;SCL;positive
2002;SCL;positive
2014;ICPT.O;positive
2008;CUB;positive
2009;CUB;positive
2010;CUB;positive
2011;CUB;positive
2012;CUB;positive
2011;CUB;positive
2012;CUB;positive
2013;CUB;positive
2010;AEIS.O;positive
2011;AEIS.O;positive
2012;AEIS.O;positive
2017;NAVG.O;positive
2013;MYGN.O;positive
2004;ATGE.K;positive
2005;ATGE.K;positive
2006;ATGE.K;positive
2007;ATGE.K;positive
2008;ATGE.K;positive
2016;WAGE.K;positive
2017;WAGE.K;positive
2018;NSIT.O;positive
2004;EGHT.K;positive
2005;EGHT.K;positive
2006;EGHT.K;positive
2000;DAN;positive
2001;DAN;positive
2002;DAN;positive
2003;DAN;positive
2004;DAN;positive
2014;DAN;positive
2008;CROX.O;positive
2017;GOLF.K;positive
2016;FCPT.K;positive
2016;JELD.K;positive
2014;JELD.K;positive
2015;JELD.K;positive
2016;JELD.K;positive
2017;JELD.K;positive
2006;ARLP.O;positive
2005;CXW;positive
2013;X;positive
2011;LGND.O;positive
2015;LGND.O;positive
2019;LGND.O;positive
2001;CMP;positive
2002;CMP;positive
2003;CMP;positive
2004;CMP;positive
2012;WMS;positive
2013;WMS;positive
2014;WMS;positive
2015;WMS;positive
2000;USM;positive
2001;USM;positive
2002;USM;positive
2003;USM;positive
2004;USM;positive
2005;USM;positive
2008;USM;positive
2009;USM;positive
2010;USM;positive
2011;USM;positive
2012;USM;positive
2017;HTZ;positive
2013;PINC.O;positive
2014;PINC.O;positive
2016;PINC.O;positive
2017;PINC.O;positive
2015;PINC.O;positive
2016;PINC.O;positive
2017;PINC.O;positive
2018;PINC.O;positive
2018;PINC.O;positive
2011;ELY;positive
2014;NGL;positive
2015;NGL;positive
2010;MWA;positive
2011;MWA;positive
2012;MWA;positive
2010;PRGS.O;positive
2011;PRGS.O;positive
2015;DEA;positive
2016;DEA;positive
2017;DEA;positive
2016;IDCC.O;positive
2017;IDCC.O;positive
2018;IDCC.O;positive
2014;GNL;positive
2015;GNL;positive
2016;GNL;positive
2013;TSE;positive
2014;TSE;positive
2015;TSE;positive
2016;TSE;positive
1999;BGCP.O;positive
2000;BGCP.O;positive
2013;CVGW.O;positive
2014;CVGW.O;positive
2005;KALU.O;positive
2014;ABAX.O;positive
2001;CPK;positive
2002;CPK;positive
2003;CPK;positive
2017;SHEN.O;positive
2018;SHEN.O;positive
2015;AIR;positive
2016;OCLR.O;positive
2017;OCLR.O;positive
2010;USNA.K;positive
2011;SAFT.O;positive
2012;SAFT.O;positive
2016;MATX.K;positive
2015;APLS.O;positive
2016;APLS.O;positive
2016;PRAA.O;positive
2017;PRAA.O;positive
2018;PRAA.O;positive
2009;BHLB.K;positive
2010;BHLB.K;positive
2011;BHLB.K;positive
2013;GVA;positive
2001;GTN;positive
2002;GTN;positive
2016;ROCK.O;positive
2004;NYMT.O;positive
2012;AVAV.O;positive
2013;AVAV.O;positive
2014;AVAV.O;positive
2012;CRK;positive
2004;CORE.O;positive
2005;CORE.O;positive
2018;CORE.O;positive
2012;ALG;positive
2013;ALG;positive
2014;ALG;positive
2017;GCP;positive
2015;NPO;positive
2011;MDGL.O;positive
2018;EIDX.O;positive
2013;OPK.O;positive
2014;OPK.O;positive
2016;CNDT.K;positive
2018;CBZ;positive
2016;SEMG.K;positive
2014;GMS;positive
2015;GMS;positive
2016;GMS;positive
2007;AMSF.O;positive
2008;AMSF.O;positive
2009;AMSF.O;positive
2010;AMSF.O;positive
2011;AMSF.O;positive
2000;STAA.O;positive
2001;STAA.O;positive
2002;STAA.O;positive
2003;STAA.O;positive
2008;CHCO.O;positive
2006;CASH.O;positive
2007;CASH.O;positive
2015;HRI;positive
2015;BRKL.O;positive
2013;STBZ.O;positive
2014;STBZ.O;positive
2015;STBZ.O;positive
2012;PARR.K;positive
1998;SRCE.O;positive
1999;SRCE.O;positive
2013;SBSI.O;positive
2017;AVYA.K;positive
2009;CCF;positive
2010;CCF;positive
2012;WRLD.O;positive
2013;WRLD.O;positive
2014;WRLD.O;positive
2009;BABY.O;positive
2010;BABY.O;positive
2008;BABY.O;positive
2009;BABY.O;positive
2010;BABY.O;positive
2009;BABY.O;positive
2010;BABY.O;positive
2011;BABY.O;positive
2012;BABY.O;positive
2012;BABY.O;positive
2013;BABY.O;positive
2014;BABY.O;positive
2012;LC;positive
2014;ADUS.O;positive
2015;ADUS.O;positive
2016;ADUS.O;positive
2017;ADUS.O;positive
2018;ADUS.O;positive
2010;OAS;positive
2006;NP;positive
2007;NP;positive
2008;NP;positive
2009;NP;positive
2001;SWN;positive
2002;SWN;positive
2012;SWN;positive
2009;PGTI.K;positive
1999;BCOR.O;positive
2000;BCOR.O;positive
2007;BCOR.O;positive
2011;UVE;positive
2011;QSII.O;positive
2012;QSII.O;positive
2013;QSII.O;positive
2014;QSII.O;positive
2014;AZZ;positive
2015;AZZ;positive
2016;AZZ;positive
2017;AZZ;positive
1993;LNN;positive
1994;LNN;positive
1995;LNN;positive
1996;LNN;positive
1997;LNN;positive
1998;LNN;positive
1999;LNN;positive
2000;LNN;positive
2001;LNN;positive
2002;LNN;positive
2003;LNN;positive
2006;SMCI.O;positive
2007;SMCI.O;positive
2016;ODP.O;positive
2002;HEES.O;positive
2003;HEES.O;positive
2003;CRY;positive
2014;LMNX.O;positive
2011;CPE;positive
1997;GRC;positive
1998;GRC;positive
1999;GRC;positive
2000;GRC;positive
2001;GRC;positive
2002;GRC;positive
2003;GRC;positive
2004;GRC;positive
2008;SPPI.O;positive
2009;SPPI.O;positive
2010;SPPI.O;positive
2011;SPPI.O;positive
2012;SPPI.O;positive
2013;SPPI.O;positive
2009;REN;positive
2008;LORL.O;positive
2009;LORL.O;positive
2016;LORL.O;positive
2017;IRET.K;positive
2018;IRET.K;positive
2006;RRC;positive
2005;TXMD.O;positive
2010;TXMD.O;positive
2016;MCS;positive
2017;MCS;positive
2004;SYX;positive
2007;MGPI.O;positive
2010;AXL;positive
2011;AXL;positive
2012;AXL;positive
2013;AXL;positive
2014;AXL;positive
2013;HSTM.O;positive
2014;HSTM.O;positive
2008;RBCAA.O;positive
2007;CPF;positive
2008;BRSS.K;positive
2009;BRSS.K;positive
2010;BRSS.K;positive
2011;BRSS.K;positive
2012;BRSS.K;positive
2014;CJ;positive
2011;TRK;positive
2012;TRK;positive
2013;TRK;positive
2014;TRK;positive
2015;TRK;positive
2009;RLGY.K;positive
2010;RLGY.K;positive
2011;RLGY.K;positive
2012;RLGY.K;positive
2004;RGR;positive
2012;RGS;positive
2013;PBI;positive
2000;CONN.O;positive
2001;CONN.O;positive
2002;CONN.O;positive
2003;CONN.O;positive
2004;CONN.O;positive
2005;CONN.O;positive
2006;CONN.O;positive
2015;CBTX.O;positive
2016;CBTX.O;positive
2014;OCSL.O;positive
2015;OCSL.O;positive
2006;TYPE.O;positive
2005;ANDE.O;positive
2001;ANDE.O;positive
2002;ANDE.O;positive
2004;BXG;positive
2005;BXG;positive
2006;BXG;positive
2007;BXG;positive
2004;TEN;positive
2005;TEN;positive
2006;TEN;positive
2007;TEN;positive
2012;TPC;positive
2013;TPC;positive
2014;TPC;positive
2015;TPC;positive
2007;NCMI.O;positive
2008;NCMI.O;positive
2009;NCMI.O;positive
2010;GLP;positive
2016;CYTK.O;positive
2012;HMST.O;positive
2002;ULH.O;positive
2003;ULH.O;positive
2017;PDVW.O;positive
2018;PDVW.O;positive
1995;NR;positive
1996;NR;positive
1997;NR;positive
1998;NR;positive
1999;NR;positive
2009;ASTE.O;positive
2010;ASTE.O;positive
2011;ASTE.O;positive
2012;ASTE.O;positive
2013;ASTE.O;positive
2015;PI.O;positive
2014;GPRO.O;positive
2008;VCEL.O;positive
2009;VCEL.O;positive
2010;VCEL.O;positive
2014;MBUU.O;positive
2015;MBUU.O;positive
2015;MBUU.O;positive
2016;MBUU.O;positive
2017;SLCA.K;positive
2007;TTGT.O;positive
2003;AGX;positive
2016;EVH;positive
2008;AMEH.O;positive
2010;GCO;positive
2011;GCO;positive
2012;GCO;positive
2013;GCO;positive
2011;EVRI.K;positive
2005;SRDX.O;positive
2011;SRDX.O;positive
2012;SRDX.O;positive
2008;SCHN.O;positive
2011;FORR.O;positive
2012;FORR.O;positive
2013;FORR.O;positive
2013;FORR.O;positive
2009;EEIG.PK;positive
2010;EEIG.PK;positive
2016;TDW;positive
2011;HCCI.O;positive
2015;WTI;positive
2011;IHC;positive
2012;IHC;positive
2013;IHC;positive
2014;IHC;positive
2002;ATRS.O;positive
2009;ATRS.O;positive
2018;WSR;positive
2018;EIGI.O;positive
2007;MOD;positive
2008;MOD;positive
2010;MOD;positive
2009;KCLI.PK;positive
2010;KCLI.PK;positive
2011;KCLI.PK;positive
2013;TISI.K;positive
2014;TISI.K;positive
2017;TISI.K;positive
2018;TISI.K;positive
2008;FLWS.O;positive
2009;FLWS.O;positive
2010;FLWS.O;positive
2011;FLWS.O;positive
2016;WOW;positive
2017;WOW;positive
2018;WOW;positive
2014;EXPI.O;positive
2015;EXPI.O;positive
2016;EXPI.O;positive
2017;EXPI.O;positive
2014;JOUT.O;positive
2018;TBIO.O;positive
2006;FF;positive
2007;FF;positive
2014;GOGO.O;positive
2015;GOGO.O;positive
2011;FBNK.O;positive
2012;FBNK.O;positive
2013;FBNK.O;positive
2003;AKRX.O;positive
2014;AKRX.O;positive
2001;NSSC.O;positive
2002;NSSC.O;positive
2003;NSSC.O;positive
2003;FRPH.O;positive
2004;FRPH.O;positive
2005;FRPH.O;positive
2007;FRPH.O;positive
2014;FRPH.O;positive
2000;SGU;positive
2001;SGU;positive
2002;SGU;positive
2003;SGU;positive
2004;SGU;positive
2005;SGU;positive
2006;SGU;positive
2011;ETM;positive
2012;ETM;positive
2014;ETM;positive
2015;ETM;positive
2016;ETM;positive
2017;ETM;positive
2015;BLBD.O;positive
2013;GTT;positive
2014;GTT;positive
2015;AVD;positive
2014;TPB;positive
2005;PUDA.PK;positive
2014;CYH;positive
2013;PAHC.O;positive
2014;PAHC.O;positive
2015;JCAP.K;positive
2012;KEYW.O;positive
2013;KEYW.O;positive
2014;KEYW.O;positive
2015;KEYW.O;positive
2008;PEI;positive
2015;CATO.K;positive
2016;CATO.K;positive
2005;BDSI.O;positive
2018;BSTC.O;positive
2002;CSWC.O;positive
2003;CSWC.O;positive
2004;CSWC.O;positive
2005;CSWC.O;positive
2006;CSWC.O;positive
2007;CSWC.O;positive
2015;CSWC.O;positive
2013;DGII.O;positive
2007;CSV;positive
2014;ORBC.O;positive
2010;INSG.O;positive
2009;BBX;positive
2010;BBX;positive
2002;OSTK.O;positive
2003;OSTK.O;positive
2004;OSTK.O;positive
2005;OSTK.O;positive
2009;BKS;positive
2010;BKS;positive
2011;BKS;positive
2012;BKS;positive
2013;BKS;positive
2014;GNK;positive
2002;GDEN.O;positive
2003;GDEN.O;positive
2006;GDEN.O;positive
2007;GDEN.O;positive
1999;DX;positive
2000;DX;positive
2001;DX;positive
2009;INS;positive
2010;INS;positive
2011;INS;positive
2012;INS;positive
2008;OPY;positive
2009;OPY;positive
2010;OPY;positive
2018;AMRX.K;positive
2001;PHH;positive
2002;PHH;positive
2003;PHH;positive
2004;PHH;positive
2005;PHH;positive
2012;OZM;positive
2013;OZM;positive
2014;INSY.O;positive
2015;INSY.O;positive
2016;INSY.O;positive
2017;INSY.O;positive
2005;ZYXI.PK;positive
2006;ZYXI.PK;positive
2015;LXRX.O;positive
2016;LXRX.O;positive
2017;LXRX.O;positive
2018;LXRX.O;positive
2018;PKOH.O;positive
2012;CIA;positive
2013;CIA;positive
2014;CIA;positive
2015;CIA;positive
2016;CIA;positive
2018;CIA;positive
1996;UIS;positive
1997;UIS;positive
2012;LMNR.O;positive
2013;LMNR.O;positive
2014;LMNR.O;positive
2016;STXB.O;positive
2004;ISRL.O;positive
2016;AMOT.O;positive
2007;HALL.O;positive
2008;HALL.O;positive
2012;CRAI.O;positive
2013;CRAI.O;positive
2018;GWGH.O;positive
2011;NRP;positive
2016;NRP;positive
2002;WLFC.O;positive
2003;WLFC.O;positive
2004;WLFC.O;positive
2005;WLFC.O;positive
2013;HIIQ.O;positive
2018;LTS;positive
2012;RYI;positive
2013;RYI;positive
2014;RYI;positive
2009;SPLP.K;positive
2010;SPLP.K;positive
2005;MRIB.PK;positive
2006;MRIB.PK;positive
2006;MPAA.O;positive
2004;MPAA.O;positive
2005;MPAA.O;positive
2015;MPAA.O;positive
2016;MPAA.O;positive
2017;MPAA.O;positive
2018;MPAA.O;positive
2013;CVM;positive
2014;CVM;positive
2015;CVM;positive
2016;CVM;positive
2017;CVM;positive
2013;TRNC.O;positive
2017;CASI.O;positive
2015;EGC.O;positive
2016;EGC.O;positive
2016;MRLN.O;positive
2017;MRLN.O;positive
2011;DS;positive
2009;SFST.O;positive
2010;SFST.O;positive
2011;SFST.O;positive
2011;CBMG.O;positive
2012;CBMG.O;positive
2013;CBMG.O;positive
2006;AOSL.O;positive
2007;AOSL.O;positive
2008;AOSL.O;positive
2012;AOSL.O;positive
2013;AOSL.O;positive
2014;AOSL.O;positive
2015;AOSL.O;positive
2011;GLAD.O;positive
2012;GLAD.O;positive
2013;GLAD.O;positive
2014;GLAD.O;positive
2007;NNBR.O;positive
2014;BTOP.PK;positive
2005;HOFT.O;positive
2006;HOFT.O;positive
2007;HOFT.O;positive
2008;HOFT.O;positive
2017;IIIV.O;positive
2018;IIIV.O;positive
2018;SMHI.K;positive
2003;GERN.O;positive
2004;GERN.O;positive
2005;GERN.O;positive
2006;GERN.O;positive
2012;VRTV.K;positive
2003;TCI;positive
2011;TCI;positive
2014;PSIX.PK;positive
2015;PSIX.PK;positive
2016;PSIX.PK;positive
2017;PSIX.PK;positive
2016;SRNE.O;positive
2016;GWRS.O;positive
2017;GWRS.O;positive
2008;RDI.O;positive
2016;RDI.O;positive
2017;RDI.O;positive
2018;RDI.O;positive
2005;ALCO.O;positive
2006;ALCO.O;positive
2007;ALCO.O;positive
2008;ALCO.O;positive
2012;TIPT.O;positive
2013;TIPT.O;positive
2014;TIPT.O;positive
2013;ZOES.K;positive
2009;CATS.O;positive
2013;OCN;positive
2014;OCN;positive
2013;PDLI.O;positive
2014;PDLI.O;positive
2012;OCSI.O;positive
2013;OCSI.O;positive
2014;OCSI.O;positive
2015;OCSI.O;positive
2014;FCBP.O;positive
2015;FCBP.O;positive
2016;FCBP.O;positive
2017;FCBP.O;positive
2001;ARL;positive
2002;ARL;positive
2003;ARL;positive
2012;ARL;positive
2004;STRS.O;positive
2005;STRS.O;positive
2006;STRS.O;positive
2007;STRS.O;positive
2008;STRS.O;positive
2005;ESCU.PK;positive
2009;SFE;positive
2011;INWK.O;positive
2012;INWK.O;positive
2013;INWK.O;positive
2017;WKHS.O;positive
2019;WKHS.O;positive
2015;SIXD.PK;positive
2008;FARM.O;positive
2009;FARM.O;positive
2010;FARM.O;positive
2011;FARM.O;positive
2012;FARM.O;positive
2013;FARM.O;positive
2015;FARM.O;positive
2016;FARM.O;positive
2017;FARM.O;positive
2018;FARM.O;positive
2014;CNTY.O;positive
2015;CNTY.O;positive
2017;TNAV.O;positive
2018;TNAV.O;positive
1998;CMIA.PK;positive
1999;CMIA.PK;positive
2006;CMIA.PK;positive
2011;CMIA.PK;positive
2000;CMIA.PK;positive
2000;SRCH.PK;positive
2001;SRCH.PK;positive
2002;SRCH.PK;positive
2003;SRCH.PK;positive
2004;SRCH.PK;positive
2005;SRCH.PK;positive
2006;SRCH.PK;positive
2007;SRCH.PK;positive
2005;XRM;positive
2006;XRM;positive
2007;XRM;positive
2003;GALT.O;positive
2004;GALT.O;positive
2005;GALT.O;positive
2006;GALT.O;positive
2012;TPIV.O;positive
2013;TPIV.O;positive
2014;ERA;positive
2005;CVGI.O;positive
2007;BVX;positive
2008;BVX;positive
2001;TREC.K;positive
2002;TREC.K;positive
2012;TREC.K;positive
2013;TREC.K;positive
2016;TREC.K;positive
2012;TCRD.O;positive
2008;NGVC.K;positive
2009;NGVC.K;positive
2010;NGVC.K;positive
2011;NGVC.K;positive
2006;INO.O;positive
2007;INO.O;positive
2001;MDCA.O;positive
2002;MDCA.O;positive
2003;MDCA.O;positive
2008;MLP;positive
2009;MLP;positive
2011;QTM;positive
2012;QTM;positive
2013;QTM;positive
2012;QTM;positive
2013;QTM;positive
2014;QTM;positive
2015;QTM;positive
2016;QTM;positive
2014;MESA.O;positive
2015;MESA.O;positive
2009;NIHD.O;positive
2010;NIHD.O;positive
2011;NIHD.O;positive
2012;NIHD.O;positive
2017;NIHD.O;positive
2018;NIHD.O;positive
1996;PICO.O;positive
1997;PICO.O;positive
1998;PICO.O;positive
1999;PICO.O;positive
2018;EXDX.O;positive
2012;AI;positive
2013;AI;positive
2014;AI;positive
2009;LFVN.O;positive
2008;ESXB.O;positive
2013;OPRX.O;positive
2014;OPRX.O;positive
2008;DNBF.O;positive
2007;CELH.O;positive
2017;XCUR.PK;positive
2016;FLGT.O;positive
2017;FLGT.O;positive
2017;FLGT.O;positive
2000;EPM;positive
2001;EPM;positive
2005;EPM;positive
2006;EPM;positive
2014;GCAP.K;positive
2014;GCAP.K;positive
2015;GCAP.K;positive
2018;GRZ.V;positive
2006;UEC;positive
2007;UEC;positive
2008;UEC;positive
2013;EVBN.K;positive
2014;EVBN.K;positive
2017;ODC;positive
2018;ODC;positive
2006;EYPT.O;positive
2007;EYPT.O;positive
2008;EYPT.O;positive
2004;EYPT.O;positive
2005;EYPT.O;positive
2003;IDT;positive
2004;IDT;positive
2013;SPA;positive
2014;SPA;positive
2015;SPA;positive
2017;SPA;positive
2018;SPA;positive
2002;TRCB.O;positive
2003;TRCB.O;positive
2004;TRCB.O;positive
2002;MMAC.O;positive
2003;MMAC.O;positive
2004;MMAC.O;positive
2005;MMAC.O;positive
2013;JMBA.O;positive
2011;ENDV.L;positive
2004;NL;positive
2015;LBAO.PK;positive
2016;LBAO.PK;positive
2013;MLVF.O;positive
2014;MLVF.O;positive
2015;MLVF.O;positive
2016;MLVF.O;positive
2017;MLVF.O;positive
2013;AVXL.O;positive
2014;AVXL.O;positive
2006;SWKH.PK;positive
2003;SWKH.PK;positive
2007;ELOX.O;positive
2008;ELOX.O;positive
2006;SGZH.PK;positive
2011;SGZH.PK;positive
2006;GBL;positive
2007;GBL;positive
2006;GBL;positive
2004;ESCA.O;positive
2005;ESCA.O;positive
2006;ESCA.O;positive
2015;ESCA.O;positive
2015;ESCA.O;positive
2016;ESCA.O;positive
2011;PCTI.O;positive
2010;FUNC.O;positive
2011;FUNC.O;positive
2012;FUNC.O;positive
2013;FUNC.O;positive
2015;FUNC.O;positive
2002;USX;positive
2010;CRMD.K;positive
2009;CRMD.K;positive
2010;CRMD.K;positive
2011;CRMD.K;positive
2012;CRMD.K;positive
2013;CRMD.K;positive
2002;QTWWQ.PK;positive
2003;QTWWQ.PK;positive
2004;QTWWQ.PK;positive
2005;QTWWQ.PK;positive
2006;QTWWQ.PK;positive
2016;SPKE.O;positive
2017;SPKE.O;positive
2018;SPKE.O;positive
2014;OSG;positive
2013;NGLS_pa.K;positive
2015;BMTM.PK;positive
2018;PXLW.O;positive
2015;FKYS.PK;positive
2012;CDOR.K;positive
2009;UTI;positive
2010;UTI;positive
2011;UTI;positive
2012;UTI;positive
2013;UTI;positive
2014;UTI;positive
2007;LYTS.O;positive
2008;LYTS.O;positive
2005;SRDP.PK;positive
2006;SRDP.PK;positive
2004;BSET.O;positive
2005;BSET.O;positive
2006;BSET.O;positive
2014;ECR;positive
2015;ECR;positive
2016;ECR;positive
2013;CZWI.O;positive
2014;CZWI.O;positive
2015;CZWI.O;positive
2016;CZWI.O;positive
2009;FTK;positive
2015;DCSA.PK;positive
2016;DCSA.PK;positive
2002;IO;positive
2003;IO;positive
2013;IO;positive
2014;MDCL.PK;positive
2008;LEE;positive
2011;LEE;positive
2012;LEE;positive
2013;LEE;positive
2014;LEE;positive
2015;LEE;positive
2009;ALOT.O;positive
2010;ALOT.O;positive
2005;HBIO.O;positive
2016;MYND.O;positive
2003;TYCB.PK;positive
2004;TYCB.PK;positive
2005;TYCB.PK;positive
2006;TYCB.PK;positive
2007;TYCB.PK;positive
2006;AOI;positive
2008;OGES.PK;positive
2014;SND.O;positive
2015;SND.O;positive
2016;SND.O;positive
2005;KODK.K;positive
2013;SBOW.K;positive
2014;SBOW.K;positive
2019;EPS.TO;positive
2006;INFU.K;positive
2018;INFU.K;positive
2009;GNBT.PK;positive
2010;GNBT.PK;positive
2001;CEMI.O;positive
2017;CEMI.O;positive
2018;CEMI.O;positive
2019;CEMI.O;positive
2010;SVBI.O;positive
2011;SVBI.O;positive
2012;SVBI.O;positive
2014;LFGR.K;positive
2006;CBIS.PK;positive
2007;CBIS.PK;positive
2016;AFH.O;positive
2009;HCHC.K;positive
1997;STCN.O;positive
1998;STCN.O;positive
1999;STCN.O;positive
2012;SDI;positive
2013;SDI;positive
2007;TA.O;positive
2013;JNP.O;positive
2004;PDGO.PK;positive
2004;CCNI.O;positive
2005;CCNI.O;positive
2006;CCNI.O;positive
2014;RESN.O;positive
2004;RVLT.O;positive
2005;RVLT.O;positive
2007;RVLT.O;positive
2006;RVLT.O;positive
2013;ALSK.O;positive
2016;SBRT.PK;positive
2017;SBRT.PK;positive
2018;FRSH.O;positive
2011;INVE.O;positive
2012;INVE.O;positive
2000;BCLI.O;positive
2001;BCLI.O;positive
2002;BCLI.O;positive
2016;FTNW.K;positive
2005;AOXG.PK;positive
2006;AOXG.PK;positive
2007;AOXG.PK;positive
2004;IEAM.PK;positive
2005;IEAM.PK;positive
2018;RIBT.O;positive
1997;EMKR.O;positive
1998;EMKR.O;positive
2000;DEPO.O;positive
2001;DEPO.O;positive
2019;COOL.O;positive
2009;OESX.O;positive
2010;OESX.O;positive
2003;ARTX.O;positive
2004;ARTX.O;positive
2017;ARTX.O;positive
2008;SANW.O;positive
2009;SANW.O;positive
2005;NHTC.O;positive
2008;IDN;positive
2009;IDN;positive
2005;AXAS.O;positive
2012;SNFCA.O;positive
2013;SNFCA.O;positive
2014;SNFCA.O;positive
2015;SNFCA.O;positive
2016;SNFCA.O;positive
2014;SNFCA.O;positive
2015;SNFCA.O;positive
2016;SNFCA.O;positive
2017;SNFCA.O;positive
2001;LKCRU.PK;positive
2011;STKS.O;positive
2011;AVNW.O;positive
2012;AVNW.O;positive
2013;AVNW.O;positive
2014;AVNW.O;positive
2015;ARKR.O;positive
2006;PPIH.O;positive
2007;PPIH.O;positive
2008;PPIH.O;positive
2009;PPIH.O;positive
2010;PPIH.O;positive
2011;PPIH.O;positive
2012;PPIH.O;positive
2019;CRIS.O;positive
2016;ZGSI.PK;positive
2000;ASRV.O;positive
2001;ASRV.O;positive
2002;ASRV.O;positive
2003;SUP;positive
2004;SUP;positive
2005;SUP;positive
2006;SUP;positive
2007;SUP;positive
2017;RLJE.O;positive
2018;USAK.O;positive
2018;USAK.O;positive
2015;AINC.K;positive
2009;NES;positive
2009;NES;positive
2010;NES;positive
2000;SMED.O;positive
2001;SMED.O;positive
2002;SMED.O;positive
2014;LPCN.O;positive
2015;BLNK.O;positive
2006;NEPH.PK;positive
2003;NTWK.O;positive
2004;NTWK.O;positive
2003;NTWK.O;positive
2004;NTWK.O;positive
2015;NTWK.O;positive
2016;NTWK.O;positive
2008;KFFB.O;positive
2009;KFFB.O;positive
2010;KFFB.O;positive
2016;HPMM.PK;positive
2017;HPMM.PK;positive
2012;COCP.O;positive
2013;VIRC.O;positive
2010;TURN.O;positive
2011;TURN.O;positive
2015;FSAM.PK;positive
2016;FSAM.PK;positive
2007;NAUH.O;positive
2015;MRIC.PK;positive
2016;MRIC.PK;positive
2011;CRMBQ.PK;positive
2012;CRMBQ.PK;positive
2010;RNWK.O;positive
2011;RNWK.O;positive
2011;ENT.O;positive
2012;ENT.O;positive
2014;ENT.O;positive
2015;ENT.O;positive
2008;INFI.O;positive
2009;INFI.O;positive
2010;INFI.O;positive
2014;SHOS.O;positive
2015;SHOS.O;positive
2007;RAIL.O;positive
2008;RAIL.O;positive
2009;RAIL.O;positive
2006;AEZS.TO;positive
2011;FORC.PK;positive
2012;FORC.PK;positive
2014;GFGY.PK;positive
2015;GFGY.PK;positive
2010;LLEN.PK;positive
2014;SLNO.O;positive
2017;SLNO.O;positive
2018;SLNO.O;positive
2008;EMMS.O;positive
2013;EPTI.PK;positive
2005;MOST.PK;positive
2007;GV;positive
2006;SLTZ.PK;positive
2006;SLTZ.PK;positive
2010;FNJN.O;positive
2011;FNJN.O;positive
2010;FNJN.O;positive
2018;PNBK.O;positive
2017;DLHC.O;positive
2005;WMPN.PK;positive
2006;WMPN.PK;positive
2007;WMPN.PK;positive
2006;CMT;positive
2007;CMT;positive
2008;CMT;positive
2009;CMT;positive
2001;AP;positive
2002;AP;positive
2003;AP;positive
2004;AP;positive
2017;AXR;positive
2018;AXR;positive
2011;MARK.O;positive
2012;MARK.O;positive
2013;MARK.O;positive
2005;STON.K;positive
2006;STON.K;positive
2012;STON.K;positive
2013;STON.K;positive
2014;STON.K;positive
2015;STON.K;positive
2016;STON.K;positive
2011;STON.K;positive
2012;STON.K;positive
2013;STON.K;positive
2014;STON.K;positive
2015;STON.K;positive
2016;STON.K;positive
2017;TLGT.O;positive
2018;TLGT.O;positive
2015;WAYS.PK;positive
2012;HLBYL.PK;positive
2014;HLBYL.PK;positive
2015;HLBYL.PK;positive
2013;MJVP.PK;positive
2014;MJVP.PK;positive
2005;BGFV.O;positive
2006;BGFV.O;positive
2007;BGFV.O;positive
2008;PMCB.PK;positive
2009;PMCB.PK;positive
2010;PMCB.PK;positive
2010;SBOT.O;positive
2011;SBOT.O;positive
2004;VTNR.O;positive
2005;VTNR.O;positive
2016;MBRX.O;positive
2006;CTIC.O;positive
2013;MTBC.O;positive
2014;MTBC.O;positive
2004;FRD;positive
2009;ASFI.O;positive
2010;ASFI.O;positive
2011;ASFI.O;positive
2012;ASFI.O;positive
2013;ASFI.O;positive
2014;ASFI.O;positive
2012;UWN;positive
2013;UWN;positive
2005;EFTI.PK;positive
2004;EFTI.PK;positive
2005;EFTI.PK;positive
2018;SVRA.O;positive
2009;CMGO.PK;positive
2014;ARTH.PK;positive
2015;ARTH.PK;positive
2005;PTVCB.O;positive
2015;IDTY.PK;positive
2015;ONS.O;positive
2016;ONS.O;positive
2017;ONS.O;positive
2013;SELT.PK;positive
2014;SELT.PK;positive
2002;ADMP.O;positive
2003;ADMP.O;positive
2018;HLIX.PK;positive
2019;HLIX.PK;positive
2016;ATMO.PK;positive
2007;IDPE.PK;positive
2017;SMID.PK;positive
2018;SMID.PK;positive
2011;PGLC.O;positive
2015;GMO;positive
2011;RTNB.PK;positive
2012;RTNB.PK;positive
2013;RTNB.PK;positive
2016;RTNB.PK;positive
2005;PIKL.PK;positive
2018;GSPE.PK;positive
2019;GSPE.PK;positive
2018;GSPE.PK;positive
2019;GSPE.PK;positive
2009;TRXD.PK;positive
2007;AIRI.K;positive
2002;OMEX.O;positive
2005;ONBI.PK;positive
2018;INNT.O;positive
2003;PKTX.PK;positive
2017;WLMS.PK;positive
2007;MLKNA.PK;positive
2008;MLKNA.PK;positive
2009;MLKNA.PK;positive
1999;APHB.K;positive
2000;APHB.K;positive
2001;APHB.K;positive
2002;APHB.K;positive
2013;APHB.K;positive
2014;APHB.K;positive
2007;AUTO.O;positive
2001;XPLR.O;positive
2002;XPLR.O;positive
2003;XPLR.O;positive
2004;XPLR.O;positive
2005;XPLR.O;positive
2007;GGBL.PK;positive
2008;GGBL.PK;positive
2011;PIR;positive
2012;PIR;positive
2013;PIR;positive
2014;PIR;positive
2015;PIR;positive
2015;LWAY.O;positive
2016;LWAY.O;positive
2017;FRLF.PK;positive
2015;RVP;positive
1997;EDCI.PK;positive
1998;EDCI.PK;positive
2005;NNWS.PK;positive
2006;NNWS.PK;positive
2015;GLXZ.PK;positive
2016;GLXZ.PK;positive
2017;TST.O;positive
2017;GVP.O;positive
2009;SURG.PK;positive
2016;SURG.PK;positive
2015;TNP.TO;positive
2007;ENGY.PK;positive
2008;ENGY.PK;positive
2001;BHBCQ.PK;positive
2002;BHBCQ.PK;positive
2005;BHBCQ.PK;positive
2014;CCUR.PK;positive
2015;CCUR.PK;positive
2016;BRMT.PK;positive
2017;BRMT.PK;positive
2015;KNWN.PK;positive
2016;KNWN.PK;positive
2017;SPGX.PK;positive
2003;DXR;positive
2004;DXR;positive
2005;DXR;positive
2005;ACER.O;positive
2006;ACER.O;positive
2008;ALT.O;positive
2009;ALT.O;positive
2012;FCSC.O;positive
2011;FCSC.O;positive
2012;FCSC.O;positive
2013;FCSC.O;positive
2000;PRVU.PK;positive
2001;PRVU.PK;positive
2002;PRVU.PK;positive
2006;FPAY.O;positive
2007;FPAY.O;positive
2014;FPAY.O;positive
2017;NMTC.PK;positive
2015;HAIR.O;positive
2016;HAIR.O;positive
2003;KEG;positive
2013;LTBR.O;positive
2014;LTBR.O;positive
2015;LTBR.O;positive
2013;BWEN.O;positive
2002;AGO_pb;positive
2003;AGO_pb;positive
2004;AGO_pb;positive
2005;AGO_pb;positive
2013;PMTS.O;positive
2014;PMTS.O;positive
2017;BHTG.O;positive
2005;TENG.PK;positive
2003;TENG.PK;positive
2004;AUMN.K;positive
2008;AUMN.K;positive
2013;CUI.O;positive
2006;BUSC.PK;positive
2007;BUSC.PK;positive
2003;PVCT.PK;positive
2010;PVCT.PK;positive
2010;PVCT.PK;positive
2011;PVCT.PK;positive
2015;CTDH.PK;positive
2002;PRPH.O;positive
2014;GRMM.PK;positive
2015;OPVS.PK;positive
2016;OPVS.PK;positive
2005;VTSI.O;positive
2006;VTSI.O;positive
2015;SGRP.O;positive
2016;SGRP.O;positive
2014;ALPE.PK;positive
2015;ALPE.PK;positive
2011;FVE.O;positive
2012;FVE.O;positive
2013;FVE.O;positive
2009;SAUC.O;positive
2010;SAUC.O;positive
2003;PFIN.O;positive
2010;PFIN.O;positive
2017;SITO.O;positive
2014;QTMM.PK;positive
2015;QTMM.PK;positive
2017;QTMM.PK;positive
2014;ATEA.PK;positive
2008;TRBD.PK;positive
2009;TRBD.PK;positive
2017;PRLX.PK;positive
2002;EMAN.K;positive
2014;NETE.O;positive
2014;CLRB.O;positive
2011;DLTI.PK;positive
2010;RXMD.PK;positive
2011;RXMD.PK;positive
2012;RXMD.PK;positive
2005;TPLM.PK;positive
2006;TPLM.PK;positive
2007;TPLM.PK;positive
2013;TPLM.PK;positive
2015;SQBG.O;positive
2016;SQBG.O;positive
2003;ECPN.PK;positive
2008;BCDA.PK;positive
2003;NWGN.PK;positive
2012;SPHS.O;positive
2013;SPHS.O;positive
2018;AUSI.PK;positive
2019;AUSI.PK;positive
2014;NXTD.O;positive
2018;HTBX.O;positive
2014;WHLR.O;positive
2015;WHLR.O;positive
2016;WHLR.O;positive
2007;BBOX.O;positive
2001;XPL;positive
2002;XPL;positive
2017;NHEL.PK;positive
2018;NHEL.PK;positive
2014;AZRX.O;positive
2005;PTSXQ.PK;positive
2006;PTSXQ.PK;positive
2007;PTSXQ.PK;positive
2008;PTSXQ.PK;positive
2008;PTSXQ.PK;positive
2009;PTSXQ.PK;positive
2003;ULUR.PK;positive
2004;ULUR.PK;positive
2006;ULUR.PK;positive
2017;AIPT.O;positive
2018;GLGI.PK;positive
2019;GLGI.PK;positive
2006;TSSI.PK;positive
2008;ERGO.PK;positive
2015;CETY.PK;positive
2014;BLCS.PK;positive
2014;SDZ.V;positive
2015;SDZ.V;positive
2005;SIF;positive
2001;SIF;positive
2002;SIF;positive
2015;MCPI.PK;positive
2004;IHT;positive
2005;IHT;positive
2001;CYAN.O;positive
2002;CYAN.O;positive
2003;CYAN.O;positive
2004;CYAN.O;positive
2005;CYAN.O;positive
2006;CYAN.O;positive
2005;CYAN.O;positive
2015;AREC.PK;positive
2016;AREC.PK;positive
2017;AREC.PK;positive
2018;AREC.PK;positive
2015;CIIX.PK;positive
2013;CIIX.PK;positive
2014;CIIX.PK;positive
2015;CIIX.PK;positive
2008;PRPO.O;positive
2017;PRPO.O;positive
2017;WDLF.PK;positive
2017;WIN.O;positive
2011;RMGN.O;positive
2012;RMGN.O;positive
2009;ROYL.PK;positive
2010;ROYL.PK;positive
2009;TRT;positive
2010;TRT;positive
2007;LSCG.PK;positive
2008;LSCG.PK;positive
2016;IDNG.PK;positive
2015;ELSE.O;positive
2000;SLGD.PK;positive
2001;SLGD.PK;positive
2002;BNET.PK;positive
2005;SPND.PK;positive
2011;ZOOM.PK;positive
2012;ZOOM.PK;positive
2004;IBIN.PK;positive
2006;IBIN.PK;positive
2016;EDIG.PK;positive
2011;DLPN.O;positive
2009;FOTB.PK;positive
2008;IDLM.PK;positive
2009;IDLM.PK;positive
2010;IDLM.PK;positive
2004;PNMXO.PK;positive
2005;PNMXO.PK;positive
2006;PNMXO.PK;positive
2007;PNMXO.PK;positive
2014;CSHB.PK;positive
2007;VCSY.PK;positive
2018;JASN.O;positive
2001;UPCO.PK;positive
2002;UPCO.PK;positive
2003;UPCO.PK;positive
2004;UPCO.PK;positive
2005;UPCO.PK;positive
2006;UPCO.PK;positive
2007;UPCO.PK;positive
2003;ENZN.PK;positive
2004;ENZN.PK;positive
2005;ENZN.PK;positive
2005;STRB.PK;positive
2006;CAPB.PK;positive
2011;EGDW.PK;positive
2012;EGDW.PK;positive
2017;MARA.O;positive
2010;DSS;positive
2011;DSS;positive
2004;BKFG.PK;positive
2005;BKFG.PK;positive
2008;SARA.PK;positive
2006;SARA.PK;positive
2007;SARA.PK;positive
2008;SARA.PK;positive
2009;SARA.PK;positive
2011;SARA.PK;positive
2014;RASP.PK;positive
2015;RASP.PK;positive
2017;RASP.PK;positive
2015;IVDN.PK;positive
2016;IVDN.PK;positive
2016;GLBR.PK;positive
2018;GEIN.PK;positive
2010;FLXT.PK;positive
2007;CBAI.PK;positive
2005;APDN.O;positive
2008;AUTR.PK;positive
2009;AUTR.PK;positive
2010;AUTR.PK;positive
2014;AUTR.PK;positive
2004;BVSN.O;positive
2005;BVSN.O;positive
2014;DYNT.O;positive
2015;DYNT.O;positive
2011;SGLB.O;positive
2010;OHRP.O;positive
2011;IZEA.O;positive
2000;WHEN.PK;positive
2007;XBOR.PK;positive
2008;XBOR.PK;positive
2009;XBOR.PK;positive
2004;ACY;positive
2005;ACY;positive
2006;ACY;positive
2007;ACY;positive
2005;DPDW.PK;positive
1997;ITEX.PK;positive
2005;LTFD.PK;positive
2006;LTFD.PK;positive
2016;ARCK.PK;positive
2010;DFFN.O;positive
2012;MGTI.PK;positive
2010;CNMF.PK;positive
2011;CNMF.PK;positive
2013;CNMF.PK;positive
2014;CNMF.PK;positive
2014;GBCS.PK;positive
2014;GBCS.PK;positive
2017;STLY.PK;positive
2008;ACRT.PK;positive
2009;ACRT.PK;positive
2007;RNN;positive
2008;RNN;positive
2009;RNN;positive
2010;RNN;positive
2014;IBAL.PK;positive
2011;PGRX.PK;positive
2012;PGRX.PK;positive
2013;PGRX.PK;positive
2017;XGTI.O;positive
2018;XGTI.O;positive
2000;PHLH.PK;positive
2013;NNVC.K;positive
2014;NNVC.K;positive
2007;ISLV.PK;positive
2018;FTWS.PK;positive
2004;GTII.PK;positive
2006;GTII.PK;positive
2014;NWMH.PK;positive
2010;ANTH.PK;positive
2011;ANTH.PK;positive
2012;ANTH.PK;positive
2016;CDTI.O;positive
2009;CNWT.PK;positive
2017;PKPL.PK;positive
2015;HCMC.PK;positive
2018;EXPL.PK;positive
2009;CYCC.O;positive
2010;CYCC.O;positive
1997;WLTGQ.PK;positive
1998;WLTGQ.PK;positive
1999;WLTGQ.PK;positive
2000;WLTGQ.PK;positive
2001;WLTGQ.PK;positive
2012;WLTGQ.PK;positive
2013;WLTGQ.PK;positive
2014;WLTGQ.PK;positive
2004;RLBD.PK;positive
2003;SLNM.PK;positive
2004;SLNM.PK;positive
2005;SLNM.PK;positive
2006;SLNM.PK;positive
2005;USEG.O;positive
2000;USEG.O;positive
2001;USEG.O;positive
2002;USEG.O;positive
2000;DDXSQ.PK;positive
2001;DDXSQ.PK;positive
2002;DDXSQ.PK;positive
2003;DDXSQ.PK;positive
2001;DDXSQ.PK;positive
2002;DDXSQ.PK;positive
2003;DDXSQ.PK;positive
2016;NXGH.PK;positive
2005;ICNB.PK;positive
2006;ICNB.PK;positive
2012;ERBA.PK;positive
2011;USCS.PK;positive
2003;CYBL.PK;positive
2004;CYBL.PK;positive
2008;MOJO.PK;positive
2001;CIIG.PK;positive
2009;IPUB.PK;positive
2009;CWTC.PK;positive
2010;CWTC.PK;positive
2009;UAVS.K;positive
2010;UAVS.K;positive
2013;ERMS.PK;positive
2015;DREM.PK;positive
2013;WARM.PK;positive
2010;NXCR.PK;positive
2011;NXCR.PK;positive
2008;DTRM.O;positive
2014;WCUI.PK;positive
2015;WCUI.PK;positive
2007;PPRG.PK;positive
2012;YEVN.PK;positive
2007;ORYN.PK;positive
2008;ORYN.PK;positive
2003;PRXM.PK;positive
2010;NVIV.O;positive
2011;NVIV.O;positive
2014;AWGI.PK;positive
2015;AWGI.PK;positive
2009;FHRT.PK;positive
2002;AEMD.O;positive
2003;AEMD.O;positive
2004;AEMD.O;positive
2012;LPTC.PK;positive
2009;SHSH.PK;positive
2000;ECTE.PK;positive
2014;ECTE.PK;positive
2010;HLWD.PK;positive
2014;GLFH.PK;positive
2007;AXIO.PK;positive
2008;AXIO.PK;positive
2009;XSPA.O;positive
2018;BRACU.O;positive
2011;MNHD.PK;positive
2012;MNHD.PK;positive
2008;INVC.PK;positive
2009;SPEX.O;positive
2010;SPEX.O;positive
2011;SPEX.O;positive
2012;SPEX.O;positive
2001;LBSR.PK;positive
2002;LBSR.PK;positive
2003;LBSR.PK;positive
2004;LBSR.PK;positive
2005;LBSR.PK;positive
2006;LBSR.PK;positive
2007;LBSR.PK;positive
2008;LBSR.PK;positive
2009;LBSR.PK;positive
2010;LBSR.PK;positive
2009;SNNC.PK;positive
2010;SNNC.PK;positive
2010;SNNC.PK;positive
2011;SNNC.PK;positive
2008;CBK;positive
2011;CBK;positive
2012;CBK;positive
2003;SPIR.PK;positive
2017;TECR.PK;positive
2006;RRHI.PK;positive
2002;PFSD.PK;positive
2002;DLPX.PK;positive
2007;ICTV.PK;positive
2008;ICTV.PK;positive
2016;AMPG.PK;positive
2017;ALES.PK;positive
2015;AWAW.PK;positive
2010;MEME.PK;positive
2011;MEME.PK;positive
2013;MEME.PK;positive
2014;MEME.PK;positive
2010;SANT.PK;positive
2007;USRI.PK;positive
2008;USRI.PK;positive
2003;ALGI.PK;positive
2004;ALGI.PK;positive
2011;IEVM.PK;positive
2013;TAUGD.PK;positive
2006;TWSI.PK;positive
2007;TWSI.PK;positive
2011;TCEC.PK;positive
2003;EMPR.PK;positive
2016;AGHC.PK;positive
2017;AGHC.PK;positive
2016;HCCC.PK;positive
2001;IMNP.O;positive
2013;AEGG.PK;positive
2014;AEGG.PK;positive
2009;VASO.PK;positive
2010;VASO.PK;positive
2007;CORG.PK;positive
2006;AURX.PK;positive
2007;AURX.PK;positive
2005;UNRG.PK;positive
2006;UNRG.PK;positive
2018;DLTZ.PK;positive
2007;LBAS.PK;positive
2008;LBAS.PK;positive
2011;LBAS.PK;positive
2012;LBAS.PK;positive
2007;AFTM.PK;positive
2008;AFTM.PK;positive
2000;TAMG.PK;positive
2001;TAMG.PK;positive
2013;LCAR.PK;positive
2014;LCAR.PK;positive
2002;FZRO.PK;positive
1999;ZNCM.PK;positive
2000;ZNCM.PK;positive
2013;FSNR.PK;positive
2014;FSNR.PK;positive
2017;MYDX.PK;positive
2014;OMAG.PK;positive
2011;INNI.PK;positive
2006;MYDP.PK;positive
2011;EFTB.PK;positive
2014;JONE.K;positive
2017;JONE.K;positive
2012;AMSU.PK;positive
2015;AMSU.PK;positive
2008;LSMG.PK;positive
2009;LSMG.PK;positive
2004;MPML.PK;positive
2015;CAGU.PK;positive
2019;TTNC.PK;positive
2011;DROP.PK;positive
2011;DROP.PK;positive
2012;DROP.PK;positive
2007;SEVA.PK;positive
2008;SEVA.PK;positive
2012;UUU;positive
2013;UUU;positive
2014;UUU;positive
2015;UUU;positive
2016;UUU;positive
2007;AMNP.PK;positive
2008;AMNP.PK;positive
2010;AMNP.PK;positive
2011;AMNP.PK;positive
2012;LNTP.PK;positive
2014;MINE.PK;positive
2003;AHNR.PK;positive
2004;AHNR.PK;positive
2008;AHNR.PK;positive
2009;AHNR.PK;positive
2014;AXPLF.PK;positive
2014;ILIV.PK;positive
2011;FRZT.PK;positive
2006;CYUR.PK;positive
2007;CYUR.PK;positive
2000;CSSV.PK;positive
2001;CSSV.PK;positive
2002;CSSV.PK;positive
1999;AHFP.PK;positive
2010;GEGI.PK;positive
2005;REXXQ.PK;positive
2006;AMIN.PK;positive
2011;IMTV.PK;positive
2012;IMTV.PK;positive
2013;IMTV.PK;positive
2003;HEB;positive
2004;HEB;positive
2005;HEB;positive
2009;HEB;positive
2010;HEB;positive
2013;WHSI.PK;positive
2014;WHSI.PK;positive
2013;CRVW.PK;positive
2004;AZGSQ.PK;positive
2005;AZGSQ.PK;positive
2009;UPNT.PK;positive
2008;PSMH.PK;positive
2009;PSMH.PK;positive
2007;PIVN.PK;positive
2010;PIVN.PK;positive
2008;MELY.PK;positive
2009;MELY.PK;positive
2005;IFNY.PK;positive
2004;ADSV.PK;positive
2006;ISHM.PK;positive
2015;QPWR.PK;positive
2011;LBYE.PK;positive
2012;LBYE.PK;positive
2013;LBYE.PK;positive
2013;GLAE.PK;positive
2008;CLTH.PK;positive
2009;ASPW.PK;positive
2012;ETNI.PK;positive
2014;NESV.PK;positive
2015;NESV.PK;positive
2016;AXPW.PK;positive
2012;RFMK.PK;positive
2013;RFMK.PK;positive
2006;PPRW.PK;positive
2007;PPRW.PK;positive
2008;PPRW.PK;positive
2009;PPRW.PK;positive
2010;CYCA.PK;positive
2011;CYCA.PK;positive
2015;SGSI.PK;positive
2016;SGSI.PK;positive
2018;SGSI.PK;positive
2005;VOYT.PK;positive
2003;GLLA.PK;positive
2003;STRZ.PK;positive
2004;STRZ.PK;positive
2002;UVCL.PK;positive
2013;LEXG.PK;positive
2005;IFHRD.PK;positive
2006;IFHRD.PK;positive
2003;IVVI.PK;positive
2004;IVVI.PK;positive
2003;WTRO.PK;positive
2004;WTRO.PK;positive
2003;WTRO.PK;positive
2004;WTRO.PK;positive
2013;SBSAA.PK;positive
2014;SBSAA.PK;positive
2011;DHCP.K;positive
2015;GFMH.PK;positive
2016;GFMH.PK;positive
2015;NEIK.PK;positive
2012;CEXE.PK;positive
2004;CNCM.PK;positive
2008;PBEC.PK;positive
2005;TEAR.PK;positive
2006;TEAR.PK;positive
2004;TXTM.PK;positive
2005;TXTM.PK;positive
2005;GPTC.PK;positive
2006;GPTC.PK;positive
2009;AMNC.PK;positive
2010;AMNC.PK;positive
2009;DRSX.PK;positive
2010;DRSX.PK;positive
2015;SIML.PK;positive
2016;SIML.PK;positive
2002;CMRO.PK;positive
2003;CMRO.PK;positive
2005;XCOOQ.PK;positive
2015;CBBT.PK;positive
2016;CBBT.PK;positive
2008;EVSV.PK;positive
2009;EVSV.PK;positive
2009;EVSV.PK;positive
2010;EVSV.PK;positive
2014;ABWND.PK;positive
2015;ABWND.PK;positive
2008;GTHR.PK;positive
2003;AVTI.PK;positive
2004;AVTI.PK;positive
2005;AVTI.PK;positive
2003;NGMC.PK;positive
2004;NGMC.PK;positive
2005;NGMC.PK;positive
2010;NGMC.PK;positive
2011;NGMC.PK;positive
2012;NGMC.PK;positive
2007;ICRD.PK;positive
2008;ICRD.PK;positive
2010;MEDD.PK;positive
2007;FCCN.PK;positive
2008;FCCN.PK;positive
2009;FCCN.PK;positive
2012;FCCN.PK;positive
2015;ERINQ.PK;positive
2008;PCFO.PK;positive
2009;SPXA.PK;positive
2005;CAFI.PK;positive
2005;SGUI.PK;positive
2012;ENPT.PK;positive
2010;ICLD.PK;positive
2011;ICLD.PK;positive
2012;ICLD.PK;positive
2007;BNXR.PK;positive
2008;BNXR.PK;positive
2000;CLHI.PK;positive
2001;CLHI.PK;positive
2015;RGBP.PK;positive
2016;RGBP.PK;positive
2013;URSL.PK;positive
2008;ADNY.PK;positive
2006;QYBX.PK;positive
2009;TEGR.PK;positive
2011;CHIT.PK;positive
2012;CHIT.PK;positive
2015;PZOO.PK;positive
2013;EPXY.PK;positive
2005;WOAM.PK;positive
2007;FDBL.PK;positive
2016;PHIL.PK;positive
2014;BOTY.PK;positive
2002;EPEO.PK;positive
2003;EPEO.PK;positive
2017;MCOA.PK;positive
2003;PSCO.PK;positive
2004;PSCO.PK;positive
2005;PSCO.PK;positive
2006;PSCO.PK;positive
1999;LWLW.PK;positive
2012;BTGI.PK;positive
2013;BTGI.PK;positive
2018;OMVS.PK;positive
2019;OMVS.PK;positive
2014;PFWI.PK;positive
2012;JRJRQ.PK;positive
2016;APHD.PK;positive
2017;APHD.PK;positive
2014;MBVX.PK;positive
2014;HVCW.PK;positive
2015;HVCW.PK;positive
2000;ESPH.PK;positive
2005;SEEK.PK;positive
2006;SEEK.PK;positive
2013;PUGE.PK;positive
2006;GOVX.PK;positive
2005;PTTL.PK;positive
2006;PTTL.PK;positive
2009;TTXP.PK;positive
2013;APPZ.PK;positive
2009;XDSL.PK;positive
2010;XDSL.PK;positive
2018;PGAI.PK;positive
2009;CWRL.PK;positive
2010;CWRL.PK;positive
2003;HRTT.PK;positive
2015;RNVA.PK;positive
2008;AQQSQ.PK;positive
2003;FRTN.PK;positive
2004;FRTN.PK;positive
2000;ASNL.PK;positive
2001;ASNL.PK;positive
2002;ASNL.PK;positive
2003;ASNL.PK;positive
2003;ABVG.PK;positive
2003;YDVL.PK;positive
2004;YDVL.PK;positive
2005;YDVL.PK;positive
2005;ECRO.PK;positive
2002;BRTR.PK;positive
2002;EWKS.PK;positive
2003;EWKS.PK;positive
2000;GSFD.PK;positive
2001;GSFD.PK;positive
1995;RHWI.PK;positive
1996;RHWI.PK;positive
1997;RHWI.PK;positive
2001;CRZY.PK;positive
2004;PJET.PK;positive
2005;PJET.PK;positive
2005;GLCO.PK;positive
2006;BXLC.PK;positive
2004;PACC.PK;positive
2005;PACC.PK;positive
2002;CVST.PK;positive
2003;CHSCP.O;positive
2004;CHSCP.O;positive
2005;CHSCP.O;positive
2006;CHSCP.O;positive
2000;CHIF.PK;positive
2001;SETO.PK;positive
2007;IFLM.PK;positive
2008;IFLM.PK;positive
2000;IVCO.PK;positive
2005;EFIR.PK;positive
2006;EFIR.PK;positive
2004;AXMP.PK;positive
2005;AXMP.PK;positive
2005;PDMI.PK;positive
2006;PDMI.PK;positive
2007;PDMI.PK;positive
2006;XCPL.PK;positive
2007;XCPL.PK;positive
2008;MJWL.PK;positive
2009;MJWL.PK;positive
2008;NGLE.PK;positive
2009;NGLE.PK;positive
2010;NGLE.PK;positive
2010;DGRI.PK;positive
2011;ATAR.PK;positive
2010;CLD;positive
2011;SAGD.PK;positive
2012;SAGD.PK;positive
2010;DIGI.PK;positive
2011;TBEV.PK;positive
2012;TBEV.PK;positive
2012;COWI.PK;positive
2011;EDMCQ.PK;positive
2012;EDMCQ.PK;positive
2013;EDMCQ.PK;positive
2013;SMRS.PK;positive
2013;DMDW.PK;positive
2014;AEXE.PK;positive
2014;CBDG.PK;positive
2015;CBDG.PK;positive
2014;EPSC.PK;positive
2015;ONDR.PK;positive
2015;SEA.AX;positive
2015;BMXC.PK;positive
2016;BMXC.PK;positive
2017;BMXC.PK;positive
2016;CLD;positive
2017;GPNE.PK;positive
2016;AFGC.PK;positive
2017;AFGC.PK;positive
2015;BKRP.PK;positive
2016;BKRP.PK;positive
2015;BKRP.PK;positive
2016;BKRP.PK;positive
2017;BKRP.PK;positive
2017;NNNT.PK;positive
2018;NNNT.PK;positive
2001;NEWEN.PK;positive
2002;NEWEN.PK;positive
2003;NEWEN.PK;positive
2004;NEWEN.PK;positive
2004;NGOOB.PK;positive
1999;BRAV.PK;positive
1995;ICTG.PK;positive
1996;ICTG.PK;positive
1997;ICTG.PK;positive
1998;ICTG.PK;positive
1999;ICTG.PK;positive
2000;ICTG.PK;positive
2005;ICCO.PK;positive
